Report_ID,Ward_Number,Area_Location,Issue_Type,Severity,Submission_Date,Month_Year
ISSUE_00001,16.0,Koundampalayam,Unknown,Medium,2023-03-29,2023-03
ISSUE_00002,12.0,RS Puram,Unknown,Unknown,2025-03-08,2025-03
ISSUE_00003,12.0,RS Puram,Pothole,Unknown,2024-12-02,2024-12
ISSUE_00004,17.0,Unknown,Unknown,Unknown,2025-01-14,2025-01
ISSUE_00005,12.0,Peelamedu,Pothole,Unknown,2024-06-05,2024-06
ISSUE_00006,12.0,Saibaba Colony,Pothole,High,2024-10-27,2024-10
ISSUE_00007,12.0,Gandhipuram,Garbage Dump,Medium,2023-03-09,2023-03
ISSUE_00008,12.0,Saibaba Colony,Water Pipe Burst,Medium,2025-06-30,2025-06
ISSUE_00009,12.0,Peelamedu,Drainage Leakage,Unknown,2024-06-12,2024-06
ISSUE_00010,10.0,RS Puram,Garbage Dump,Unknown,2024-07-12,2024-07
ISSUE_00011,18.0,Peelamedu,Garbage Dump,High,2023-01-27,2023-01
ISSUE_00012,12.0,Gandhipuram,Drainage Leakage,Unknown,2023-10-24,2023-10
ISSUE_00013,13.0,Podanur,Unknown,High,2024-09-02,2024-09
ISSUE_00014,12.0,Ukkadam,Garbage Dump,High,2025-01-27,2025-01
ISSUE_00015,9.0,Unknown,Drainage Leakage,High,2023-11-20,2023-11
ISSUE_00016,6.0,Gandhipuram,Unknown,Medium,2023-01-12,2023-01
ISSUE_00017,12.0,Peelamedu,Water Pipe Burst,Medium,2025-03-03,2025-03
ISSUE_00018,12.0,Ganapathy,Pothole,High,2024-01-12,2024-01
ISSUE_00019,4.0,Ganapathy,Street Light Issue,High,2024-04-10,2024-04
ISSUE_00020,12.0,RS Puram,Water Pipe Burst,Medium,2023-05-14,2023-05
ISSUE_00021,12.0,Koundampalayam,Pothole,High,2024-06-17,2024-06
ISSUE_00022,12.0,Peelamedu,Drainage Leakage,Low,2024-02-15,2024-02
ISSUE_00023,12.0,Ukkadam,Garbage Dump,High,2024-06-07,2024-06
ISSUE_00024,12.0,Ukkadam,Unknown,Low,2023-04-19,2023-04
ISSUE_00025,3.0,Unknown,Water Pipe Burst,Medium,2023-09-01,2023-09
ISSUE_00026,12.0,Saibaba Colony,Drainage Leakage,High,2023-12-13,2023-12
ISSUE_00027,5.0,Ukkadam,Water Pipe Burst,High,2023-05-30,2023-05
ISSUE_00028,12.0,Peelamedu,Water Pipe Burst,Unknown,2025-01-21,2025-01
ISSUE_00029,12.0,Koundampalayam,Unknown,Low,2023-10-31,2023-10
ISSUE_00030,14.0,Ganapathy,Unknown,Medium,2024-07-11,2024-07
ISSUE_00031,12.0,Podanur,Pothole,Medium,2023-07-15,2023-07
ISSUE_00032,19.0,RS Puram,Water Pipe Burst,Low,2025-01-22,2025-01
ISSUE_00033,14.0,Ukkadam,Garbage Dump,Unknown,2023-05-03,2023-05
ISSUE_00034,13.0,Unknown,Unknown,Medium,2023-10-06,2023-10
ISSUE_00035,12.0,RS Puram,Garbage Dump,Unknown,2024-01-21,2024-01
ISSUE_00036,12.0,Unknown,Pothole,Low,2024-03-09,2024-03
ISSUE_00037,10.0,Peelamedu,Garbage Dump,Medium,2023-04-12,2023-04
ISSUE_00038,17.0,RS Puram,Water Pipe Burst,Unknown,2024-06-08,2024-06
ISSUE_00039,6.0,Saibaba Colony,Garbage Dump,Unknown,2024-09-13,2024-09
ISSUE_00040,12.0,Ganapathy,Street Light Issue,High,2024-06-04,2024-06
ISSUE_00041,20.0,Koundampalayam,Pothole,Medium,2023-06-29,2023-06
ISSUE_00042,12.0,Gandhipuram,Unknown,Unknown,2023-04-12,2023-04
ISSUE_00043,12.0,Saibaba Colony,Garbage Dump,High,2024-12-05,2024-12
ISSUE_00044,12.0,Unknown,Water Pipe Burst,High,2024-06-15,2024-06
ISSUE_00045,12.0,Gandhipuram,Unknown,Low,2024-05-05,2024-05
ISSUE_00046,7.0,Koundampalayam,Unknown,Unknown,2024-07-10,2024-07
ISSUE_00047,12.0,Gandhipuram,Pothole,Unknown,2024-08-05,2024-08
ISSUE_00048,9.0,Podanur,Garbage Dump,Unknown,2024-06-20,2024-06
ISSUE_00049,12.0,RS Puram,Water Pipe Burst,Low,2023-04-19,2023-04
ISSUE_00050,9.0,Peelamedu,Pothole,High,2025-04-30,2025-04
ISSUE_00051,12.0,Peelamedu,Unknown,Low,2024-09-27,2024-09
ISSUE_00052,12.0,Podanur,Unknown,Low,2025-06-08,2025-06
ISSUE_00053,11.0,Gandhipuram,Garbage Dump,Medium,2023-10-25,2023-10
ISSUE_00054,1.0,Koundampalayam,Garbage Dump,Medium,2024-01-14,2024-01
ISSUE_00055,12.0,RS Puram,Drainage Leakage,Unknown,2024-05-01,2024-05
ISSUE_00056,7.0,Gandhipuram,Unknown,Medium,2023-01-26,2023-01
ISSUE_00057,5.0,Gandhipuram,Drainage Leakage,Unknown,2024-09-01,2024-09
ISSUE_00058,12.0,Ganapathy,Unknown,High,2025-02-19,2025-02
ISSUE_00059,12.0,Ukkadam,Pothole,Unknown,2024-05-23,2024-05
ISSUE_00060,20.0,RS Puram,Water Pipe Burst,High,2023-02-28,2023-02
ISSUE_00061,12.0,Koundampalayam,Drainage Leakage,Low,2024-12-02,2024-12
ISSUE_00062,4.0,Podanur,Street Light Issue,Unknown,2023-08-30,2023-08
ISSUE_00063,8.0,RS Puram,Street Light Issue,Unknown,2025-04-13,2025-04
ISSUE_00064,12.0,Ganapathy,Pothole,Unknown,2023-06-19,2023-06
ISSUE_00065,13.0,Podanur,Garbage Dump,Unknown,2023-09-27,2023-09
ISSUE_00066,12.0,RS Puram,Water Pipe Burst,High,2023-11-13,2023-11
ISSUE_00067,5.0,Koundampalayam,Pothole,High,2023-10-03,2023-10
ISSUE_00068,12.0,Unknown,Drainage Leakage,Unknown,2023-05-23,2023-05
ISSUE_00069,1.0,Unknown,Water Pipe Burst,Medium,2023-04-30,2023-04
ISSUE_00070,12.0,Ukkadam,Drainage Leakage,Low,2023-08-17,2023-08
ISSUE_00071,8.0,Gandhipuram,Garbage Dump,Unknown,2023-12-15,2023-12
ISSUE_00072,7.0,Unknown,Drainage Leakage,Low,2024-10-07,2024-10
ISSUE_00073,12.0,Ukkadam,Garbage Dump,Unknown,2024-05-30,2024-05
ISSUE_00074,19.0,Podanur,Unknown,Medium,2023-05-09,2023-05
ISSUE_00075,4.0,Podanur,Water Pipe Burst,High,2023-09-24,2023-09
ISSUE_00076,12.0,Podanur,Water Pipe Burst,High,2025-06-04,2025-06
ISSUE_00077,8.0,Gandhipuram,Drainage Leakage,High,2025-03-14,2025-03
ISSUE_00078,12.0,Unknown,Unknown,Unknown,2024-12-13,2024-12
ISSUE_00079,12.0,Koundampalayam,Street Light Issue,High,2024-07-07,2024-07
ISSUE_00080,10.0,Ganapathy,Unknown,Low,2023-04-24,2023-04
ISSUE_00081,12.0,Ukkadam,Pothole,Unknown,2023-11-09,2023-11
ISSUE_00082,12.0,Gandhipuram,Garbage Dump,Unknown,2024-11-30,2024-11
ISSUE_00083,12.0,Ganapathy,Drainage Leakage,High,2023-08-27,2023-08
ISSUE_00084,12.0,Koundampalayam,Street Light Issue,Low,2023-05-29,2023-05
ISSUE_00085,9.0,Unknown,Street Light Issue,Medium,2023-01-02,2023-01
ISSUE_00086,14.0,Koundampalayam,Water Pipe Burst,Unknown,2023-06-16,2023-06
ISSUE_00087,12.0,Peelamedu,Water Pipe Burst,Unknown,2024-11-23,2024-11
ISSUE_00088,1.0,Unknown,Street Light Issue,High,2023-11-08,2023-11
ISSUE_00089,13.0,RS Puram,Drainage Leakage,Low,2024-10-09,2024-10
ISSUE_00090,19.0,Unknown,Pothole,Medium,2023-11-28,2023-11
ISSUE_00091,19.0,Ganapathy,Pothole,Medium,2023-06-19,2023-06
ISSUE_00092,12.0,RS Puram,Drainage Leakage,Unknown,2023-05-20,2023-05
ISSUE_00093,4.0,Ganapathy,Unknown,High,2023-03-04,2023-03
ISSUE_00094,16.0,Unknown,Street Light Issue,Unknown,2024-12-23,2024-12
ISSUE_00095,5.0,Ukkadam,Water Pipe Burst,Unknown,2024-09-12,2024-09
ISSUE_00096,7.0,Saibaba Colony,Street Light Issue,Unknown,2024-04-04,2024-04
ISSUE_00097,13.0,Ganapathy,Unknown,Unknown,2024-10-24,2024-10
ISSUE_00098,7.0,Gandhipuram,Unknown,Unknown,2023-11-01,2023-11
ISSUE_00099,10.0,RS Puram,Unknown,Unknown,2023-05-04,2023-05
ISSUE_00100,12.0,Ukkadam,Pothole,Unknown,2023-02-17,2023-02
ISSUE_00101,10.0,Ukkadam,Unknown,Medium,2024-05-06,2024-05
ISSUE_00102,7.0,Ukkadam,Street Light Issue,Medium,2025-02-28,2025-02
ISSUE_00103,20.0,Ukkadam,Unknown,Unknown,2024-12-02,2024-12
ISSUE_00104,12.0,Ukkadam,Street Light Issue,Unknown,2023-04-04,2023-04
ISSUE_00105,15.0,Koundampalayam,Garbage Dump,Unknown,2024-05-29,2024-05
ISSUE_00106,12.0,Podanur,Unknown,High,2023-06-16,2023-06
ISSUE_00107,12.0,Gandhipuram,Pothole,Unknown,2024-05-05,2024-05
ISSUE_00108,12.0,Gandhipuram,Street Light Issue,Medium,2024-08-29,2024-08
ISSUE_00109,5.0,Ganapathy,Pothole,High,2025-04-07,2025-04
ISSUE_00110,1.0,Peelamedu,Unknown,Unknown,2024-01-26,2024-01
ISSUE_00111,17.0,Unknown,Unknown,Unknown,2024-11-03,2024-11
ISSUE_00112,12.0,Gandhipuram,Water Pipe Burst,Unknown,2024-11-13,2024-11
ISSUE_00113,12.0,Gandhipuram,Pothole,Medium,2023-06-04,2023-06
ISSUE_00114,12.0,RS Puram,Garbage Dump,Unknown,2023-06-18,2023-06
ISSUE_00115,18.0,Peelamedu,Garbage Dump,High,2023-01-04,2023-01
ISSUE_00116,6.0,Saibaba Colony,Unknown,High,2025-03-10,2025-03
ISSUE_00117,19.0,Saibaba Colony,Drainage Leakage,High,2025-01-01,2025-01
ISSUE_00118,4.0,Gandhipuram,Drainage Leakage,Unknown,2024-05-18,2024-05
ISSUE_00119,12.0,Peelamedu,Street Light Issue,Unknown,2025-06-16,2025-06
ISSUE_00120,20.0,Koundampalayam,Street Light Issue,Medium,2023-07-06,2023-07
ISSUE_00121,12.0,Unknown,Pothole,Unknown,2024-10-25,2024-10
ISSUE_00122,8.0,Ganapathy,Street Light Issue,High,2023-01-26,2023-01
ISSUE_00123,20.0,Ukkadam,Drainage Leakage,Medium,2023-09-17,2023-09
ISSUE_00124,8.0,Saibaba Colony,Unknown,Unknown,2025-05-08,2025-05
ISSUE_00125,9.0,Gandhipuram,Garbage Dump,High,2023-11-07,2023-11
ISSUE_00126,12.0,Ganapathy,Garbage Dump,Unknown,2023-10-12,2023-10
ISSUE_00127,12.0,Gandhipuram,Street Light Issue,High,2024-09-17,2024-09
ISSUE_00128,20.0,Saibaba Colony,Water Pipe Burst,Unknown,2024-02-11,2024-02
ISSUE_00129,12.0,Gandhipuram,Pothole,Low,2024-03-07,2024-03
ISSUE_00130,12.0,Ganapathy,Unknown,Low,2023-06-09,2023-06
ISSUE_00131,12.0,Ukkadam,Unknown,Low,2023-03-04,2023-03
ISSUE_00132,12.0,Ganapathy,Drainage Leakage,Unknown,2024-06-18,2024-06
ISSUE_00133,4.0,Unknown,Pothole,Low,2025-07-06,2025-07
ISSUE_00134,16.0,Ganapathy,Pothole,Medium,2023-10-14,2023-10
ISSUE_00135,12.0,Ganapathy,Water Pipe Burst,Unknown,2023-06-08,2023-06
ISSUE_00136,10.0,RS Puram,Drainage Leakage,Unknown,2024-05-29,2024-05
ISSUE_00137,12.0,RS Puram,Garbage Dump,Unknown,2023-09-17,2023-09
ISSUE_00138,8.0,Saibaba Colony,Street Light Issue,Unknown,2024-07-25,2024-07
ISSUE_00139,12.0,Unknown,Drainage Leakage,High,2025-03-15,2025-03
ISSUE_00140,12.0,Ganapathy,Street Light Issue,Medium,2023-12-01,2023-12
ISSUE_00141,18.0,Gandhipuram,Pothole,Unknown,2023-02-06,2023-02
ISSUE_00142,12.0,Ganapathy,Drainage Leakage,Medium,2025-02-27,2025-02
ISSUE_00143,12.0,Ukkadam,Street Light Issue,Low,2023-12-31,2023-12
ISSUE_00144,19.0,Podanur,Pothole,Low,2023-10-01,2023-10
ISSUE_00145,14.0,Unknown,Unknown,Low,2023-01-12,2023-01
ISSUE_00146,12.0,Unknown,Drainage Leakage,Unknown,2023-03-06,2023-03
ISSUE_00147,4.0,RS Puram,Drainage Leakage,Unknown,2024-09-27,2024-09
ISSUE_00148,12.0,Ukkadam,Garbage Dump,High,2024-03-12,2024-03
ISSUE_00149,7.0,RS Puram,Water Pipe Burst,High,2023-07-06,2023-07
ISSUE_00150,12.0,RS Puram,Unknown,High,2024-02-09,2024-02
ISSUE_00151,4.0,Ganapathy,Unknown,Unknown,2023-07-10,2023-07
ISSUE_00152,12.0,Unknown,Unknown,High,2024-11-09,2024-11
ISSUE_00153,12.0,RS Puram,Drainage Leakage,Low,2024-01-03,2024-01
ISSUE_00154,8.0,Ganapathy,Unknown,High,2023-03-15,2023-03
ISSUE_00155,7.0,Unknown,Water Pipe Burst,Unknown,2024-08-02,2024-08
ISSUE_00156,12.0,Unknown,Pothole,High,2023-07-15,2023-07
ISSUE_00157,14.0,Unknown,Water Pipe Burst,Unknown,2023-11-26,2023-11
ISSUE_00158,2.0,Unknown,Street Light Issue,Low,2023-10-19,2023-10
ISSUE_00159,12.0,Koundampalayam,Pothole,Low,2024-08-10,2024-08
ISSUE_00160,2.0,Podanur,Pothole,Unknown,2024-02-25,2024-02
ISSUE_00161,12.0,Ganapathy,Drainage Leakage,Medium,2024-03-24,2024-03
ISSUE_00162,19.0,Unknown,Street Light Issue,Unknown,2024-12-26,2024-12
ISSUE_00163,1.0,Podanur,Street Light Issue,Unknown,2023-05-12,2023-05
ISSUE_00164,1.0,Peelamedu,Unknown,Unknown,2023-08-07,2023-08
ISSUE_00165,14.0,Ganapathy,Drainage Leakage,Unknown,2023-11-25,2023-11
ISSUE_00166,10.0,Ukkadam,Street Light Issue,Medium,2023-04-07,2023-04
ISSUE_00167,16.0,Podanur,Unknown,Unknown,2023-07-24,2023-07
ISSUE_00168,12.0,RS Puram,Garbage Dump,Medium,2023-05-30,2023-05
ISSUE_00169,14.0,Ukkadam,Garbage Dump,Medium,2023-06-08,2023-06
ISSUE_00170,13.0,Unknown,Drainage Leakage,Unknown,2024-04-23,2024-04
ISSUE_00171,12.0,Ukkadam,Unknown,Medium,2024-01-04,2024-01
ISSUE_00172,12.0,Podanur,Street Light Issue,Unknown,2023-05-30,2023-05
ISSUE_00173,1.0,RS Puram,Water Pipe Burst,Unknown,2025-03-03,2025-03
ISSUE_00174,14.0,Gandhipuram,Drainage Leakage,Medium,2023-08-09,2023-08
ISSUE_00175,17.0,Koundampalayam,Drainage Leakage,Unknown,2024-06-14,2024-06
ISSUE_00176,12.0,Unknown,Drainage Leakage,High,2025-03-26,2025-03
ISSUE_00177,19.0,Podanur,Unknown,Low,2024-06-13,2024-06
ISSUE_00178,12.0,Gandhipuram,Unknown,High,2025-02-08,2025-02
ISSUE_00179,12.0,Ukkadam,Garbage Dump,Low,2024-04-25,2024-04
ISSUE_00180,14.0,RS Puram,Street Light Issue,Low,2023-04-25,2023-04
ISSUE_00181,12.0,Peelamedu,Unknown,Unknown,2025-07-01,2025-07
ISSUE_00182,12.0,Koundampalayam,Pothole,Unknown,2024-01-28,2024-01
ISSUE_00183,12.0,Unknown,Unknown,Unknown,2023-09-12,2023-09
ISSUE_00184,12.0,Peelamedu,Water Pipe Burst,Low,2023-10-01,2023-10
ISSUE_00185,17.0,Ganapathy,Street Light Issue,High,2024-01-16,2024-01
ISSUE_00186,12.0,Unknown,Street Light Issue,Unknown,2023-06-19,2023-06
ISSUE_00187,12.0,Podanur,Street Light Issue,High,2025-03-04,2025-03
ISSUE_00188,12.0,Koundampalayam,Garbage Dump,High,2023-07-18,2023-07
ISSUE_00189,12.0,Unknown,Pothole,Medium,2023-10-03,2023-10
ISSUE_00190,1.0,Koundampalayam,Pothole,Low,2025-04-16,2025-04
ISSUE_00191,12.0,RS Puram,Unknown,Medium,2023-11-13,2023-11
ISSUE_00192,8.0,Koundampalayam,Water Pipe Burst,Unknown,2024-05-19,2024-05
ISSUE_00193,12.0,Koundampalayam,Water Pipe Burst,Medium,2024-09-14,2024-09
ISSUE_00194,12.0,Saibaba Colony,Drainage Leakage,High,2025-07-04,2025-07
ISSUE_00195,1.0,Koundampalayam,Street Light Issue,Medium,2023-11-10,2023-11
ISSUE_00196,15.0,Koundampalayam,Unknown,Low,2024-07-23,2024-07
ISSUE_00197,6.0,Gandhipuram,Street Light Issue,High,2025-01-10,2025-01
ISSUE_00198,12.0,Saibaba Colony,Water Pipe Burst,Unknown,2023-10-25,2023-10
ISSUE_00199,12.0,Unknown,Water Pipe Burst,Medium,2024-01-23,2024-01
ISSUE_00200,12.0,RS Puram,Unknown,Medium,2024-04-23,2024-04
ISSUE_00201,12.0,Podanur,Unknown,Unknown,2023-11-01,2023-11
ISSUE_00202,12.0,Ganapathy,Unknown,Unknown,2024-11-10,2024-11
ISSUE_00203,12.0,Gandhipuram,Unknown,Unknown,2023-09-03,2023-09
ISSUE_00204,12.0,Ganapathy,Unknown,Unknown,2023-01-18,2023-01
ISSUE_00205,8.0,Podanur,Street Light Issue,Unknown,2023-06-26,2023-06
ISSUE_00206,12.0,Koundampalayam,Unknown,Medium,2023-04-18,2023-04
ISSUE_00207,12.0,Unknown,Pothole,Unknown,2025-01-15,2025-01
ISSUE_00208,12.0,Peelamedu,Water Pipe Burst,High,2023-10-01,2023-10
ISSUE_00209,2.0,Podanur,Street Light Issue,Unknown,2024-09-04,2024-09
ISSUE_00210,10.0,Ganapathy,Unknown,Low,2025-01-02,2025-01
ISSUE_00211,12.0,Ganapathy,Unknown,Unknown,2024-06-12,2024-06
ISSUE_00212,12.0,Peelamedu,Unknown,High,2024-03-12,2024-03
ISSUE_00213,18.0,Ganapathy,Street Light Issue,Unknown,2023-11-18,2023-11
ISSUE_00214,12.0,Saibaba Colony,Street Light Issue,High,2025-01-22,2025-01
ISSUE_00215,8.0,Unknown,Drainage Leakage,Unknown,2025-04-23,2025-04
ISSUE_00216,4.0,Saibaba Colony,Pothole,Low,2024-03-23,2024-03
ISSUE_00217,12.0,Ganapathy,Garbage Dump,Unknown,2024-12-12,2024-12
ISSUE_00218,12.0,Peelamedu,Unknown,Low,2024-08-19,2024-08
ISSUE_00219,12.0,RS Puram,Drainage Leakage,Unknown,2023-12-01,2023-12
ISSUE_00220,16.0,Peelamedu,Street Light Issue,Unknown,2023-06-27,2023-06
ISSUE_00221,12.0,Ganapathy,Unknown,Unknown,2025-02-15,2025-02
ISSUE_00222,5.0,Peelamedu,Garbage Dump,Unknown,2024-05-02,2024-05
ISSUE_00223,12.0,RS Puram,Water Pipe Burst,Unknown,2024-04-01,2024-04
ISSUE_00224,16.0,Gandhipuram,Street Light Issue,Medium,2023-03-15,2023-03
ISSUE_00225,9.0,Ukkadam,Pothole,Unknown,2024-09-20,2024-09
ISSUE_00226,12.0,Saibaba Colony,Drainage Leakage,Unknown,2023-12-08,2023-12
ISSUE_00227,12.0,Ukkadam,Pothole,Unknown,2023-07-17,2023-07
ISSUE_00228,12.0,Podanur,Garbage Dump,Unknown,2025-01-28,2025-01
ISSUE_00229,20.0,Peelamedu,Street Light Issue,High,2023-04-22,2023-04
ISSUE_00230,12.0,Saibaba Colony,Pothole,Low,2023-01-05,2023-01
ISSUE_00231,15.0,Gandhipuram,Pothole,Medium,2023-01-26,2023-01
ISSUE_00232,12.0,Podanur,Pothole,Unknown,2025-01-02,2025-01
ISSUE_00233,3.0,Gandhipuram,Garbage Dump,Medium,2024-11-14,2024-11
ISSUE_00234,12.0,Peelamedu,Street Light Issue,High,2023-02-21,2023-02
ISSUE_00235,7.0,Podanur,Street Light Issue,Medium,2023-07-16,2023-07
ISSUE_00236,12.0,Podanur,Street Light Issue,Medium,2024-11-02,2024-11
ISSUE_00237,12.0,Gandhipuram,Drainage Leakage,Medium,2023-12-28,2023-12
ISSUE_00238,15.0,Koundampalayam,Drainage Leakage,Medium,2023-08-15,2023-08
ISSUE_00239,13.0,Saibaba Colony,Street Light Issue,Medium,2024-09-09,2024-09
ISSUE_00240,12.0,Peelamedu,Drainage Leakage,Unknown,2023-12-05,2023-12
ISSUE_00241,3.0,Saibaba Colony,Drainage Leakage,High,2023-04-09,2023-04
ISSUE_00242,12.0,Unknown,Garbage Dump,High,2023-12-24,2023-12
ISSUE_00243,12.0,Ukkadam,Water Pipe Burst,Unknown,2024-01-10,2024-01
ISSUE_00244,14.0,Ukkadam,Pothole,Unknown,2025-05-25,2025-05
ISSUE_00245,2.0,Unknown,Drainage Leakage,Medium,2023-01-06,2023-01
ISSUE_00246,12.0,Ukkadam,Street Light Issue,Low,2023-09-27,2023-09
ISSUE_00247,12.0,Koundampalayam,Garbage Dump,Unknown,2023-02-19,2023-02
ISSUE_00248,12.0,Unknown,Garbage Dump,Medium,2025-03-04,2025-03
ISSUE_00249,7.0,Podanur,Garbage Dump,Low,2024-01-09,2024-01
ISSUE_00250,12.0,Gandhipuram,Pothole,Medium,2025-02-13,2025-02
ISSUE_00251,12.0,Ganapathy,Water Pipe Burst,Unknown,2024-04-15,2024-04
ISSUE_00252,12.0,Unknown,Garbage Dump,Unknown,2023-02-17,2023-02
ISSUE_00253,12.0,Saibaba Colony,Unknown,Unknown,2024-10-14,2024-10
ISSUE_00254,8.0,Ganapathy,Water Pipe Burst,Medium,2024-10-16,2024-10
ISSUE_00255,11.0,Ganapathy,Water Pipe Burst,Unknown,2024-02-20,2024-02
ISSUE_00256,12.0,Unknown,Garbage Dump,High,2024-06-22,2024-06
ISSUE_00257,10.0,Peelamedu,Garbage Dump,Unknown,2025-01-11,2025-01
ISSUE_00258,12.0,Ukkadam,Unknown,Medium,2023-04-13,2023-04
ISSUE_00259,12.0,Ukkadam,Unknown,Unknown,2023-11-20,2023-11
ISSUE_00260,12.0,Unknown,Garbage Dump,Medium,2024-07-18,2024-07
ISSUE_00261,7.0,Unknown,Pothole,Medium,2023-01-04,2023-01
ISSUE_00262,13.0,Koundampalayam,Drainage Leakage,Medium,2023-05-21,2023-05
ISSUE_00263,12.0,Unknown,Water Pipe Burst,Medium,2024-09-15,2024-09
ISSUE_00264,12.0,Gandhipuram,Street Light Issue,Unknown,2025-01-15,2025-01
ISSUE_00265,14.0,Unknown,Unknown,Low,2023-06-28,2023-06
ISSUE_00266,12.0,Gandhipuram,Unknown,Unknown,2024-03-20,2024-03
ISSUE_00267,12.0,RS Puram,Water Pipe Burst,Low,2023-10-07,2023-10
ISSUE_00268,7.0,Peelamedu,Water Pipe Burst,Medium,2023-03-06,2023-03
ISSUE_00269,12.0,Gandhipuram,Drainage Leakage,Unknown,2023-11-30,2023-11
ISSUE_00270,6.0,Peelamedu,Street Light Issue,High,2024-08-03,2024-08
ISSUE_00271,3.0,Peelamedu,Street Light Issue,Medium,2025-04-17,2025-04
ISSUE_00272,15.0,Unknown,Pothole,Low,2024-07-02,2024-07
ISSUE_00273,8.0,RS Puram,Garbage Dump,High,2024-09-13,2024-09
ISSUE_00274,9.0,Koundampalayam,Water Pipe Burst,Unknown,2024-04-13,2024-04
ISSUE_00275,19.0,Unknown,Pothole,Unknown,2025-01-13,2025-01
ISSUE_00276,5.0,Koundampalayam,Unknown,Unknown,2024-09-23,2024-09
ISSUE_00277,12.0,Saibaba Colony,Unknown,Unknown,2025-04-03,2025-04
ISSUE_00278,12.0,Peelamedu,Unknown,Medium,2024-11-21,2024-11
ISSUE_00279,12.0,Peelamedu,Pothole,Unknown,2023-06-12,2023-06
ISSUE_00280,12.0,Saibaba Colony,Garbage Dump,Medium,2023-07-11,2023-07
ISSUE_00281,12.0,Unknown,Unknown,Unknown,2025-04-16,2025-04
ISSUE_00282,18.0,RS Puram,Water Pipe Burst,Unknown,2024-11-27,2024-11
ISSUE_00283,18.0,Unknown,Pothole,Medium,2023-01-15,2023-01
ISSUE_00284,12.0,Podanur,Garbage Dump,Unknown,2023-03-02,2023-03
ISSUE_00285,12.0,Gandhipuram,Unknown,High,2024-05-10,2024-05
ISSUE_00286,12.0,Ukkadam,Pothole,Unknown,2024-10-10,2024-10
ISSUE_00287,12.0,Podanur,Street Light Issue,Low,2025-07-16,2025-07
ISSUE_00288,12.0,Podanur,Water Pipe Burst,Unknown,2023-01-20,2023-01
ISSUE_00289,18.0,Podanur,Unknown,High,2024-09-05,2024-09
ISSUE_00290,12.0,Peelamedu,Unknown,High,2023-10-18,2023-10
ISSUE_00291,18.0,Unknown,Pothole,Low,2025-05-27,2025-05
ISSUE_00292,12.0,Unknown,Pothole,Medium,2025-02-08,2025-02
ISSUE_00293,12.0,RS Puram,Drainage Leakage,Medium,2023-01-04,2023-01
ISSUE_00294,3.0,Saibaba Colony,Water Pipe Burst,Unknown,2023-01-08,2023-01
ISSUE_00295,12.0,Ukkadam,Water Pipe Burst,Medium,2025-04-02,2025-04
ISSUE_00296,12.0,Ukkadam,Drainage Leakage,Unknown,2024-05-04,2024-05
ISSUE_00297,12.0,Gandhipuram,Garbage Dump,High,2024-03-22,2024-03
ISSUE_00298,20.0,Saibaba Colony,Unknown,Unknown,2023-06-30,2023-06
ISSUE_00299,12.0,Koundampalayam,Unknown,Medium,2024-10-26,2024-10
ISSUE_00300,12.0,Ukkadam,Garbage Dump,Low,2023-01-30,2023-01
ISSUE_00301,12.0,Ukkadam,Unknown,Unknown,2025-01-30,2025-01
ISSUE_00302,8.0,Koundampalayam,Unknown,Unknown,2024-03-27,2024-03
ISSUE_00303,6.0,RS Puram,Water Pipe Burst,Unknown,2024-04-12,2024-04
ISSUE_00304,15.0,Gandhipuram,Water Pipe Burst,Unknown,2024-05-21,2024-05
ISSUE_00305,17.0,Saibaba Colony,Garbage Dump,Medium,2024-04-02,2024-04
ISSUE_00306,12.0,Peelamedu,Unknown,Unknown,2023-04-09,2023-04
ISSUE_00307,2.0,Unknown,Pothole,Low,2023-11-03,2023-11
ISSUE_00308,12.0,Ukkadam,Unknown,High,2025-05-10,2025-05
ISSUE_00309,12.0,Koundampalayam,Unknown,Unknown,2024-09-27,2024-09
ISSUE_00310,16.0,Ukkadam,Unknown,Unknown,2023-05-25,2023-05
ISSUE_00311,4.0,Podanur,Drainage Leakage,Medium,2024-09-05,2024-09
ISSUE_00312,12.0,Ganapathy,Water Pipe Burst,Unknown,2025-02-19,2025-02
ISSUE_00313,12.0,Ukkadam,Pothole,Medium,2023-06-04,2023-06
ISSUE_00314,1.0,Peelamedu,Garbage Dump,Unknown,2024-08-09,2024-08
ISSUE_00315,15.0,Gandhipuram,Pothole,Unknown,2024-11-21,2024-11
ISSUE_00316,12.0,RS Puram,Drainage Leakage,Unknown,2023-10-12,2023-10
ISSUE_00317,12.0,Ukkadam,Drainage Leakage,Low,2024-05-26,2024-05
ISSUE_00318,12.0,Gandhipuram,Pothole,Low,2023-12-10,2023-12
ISSUE_00319,18.0,Unknown,Unknown,Low,2024-03-13,2024-03
ISSUE_00320,12.0,RS Puram,Unknown,Low,2024-06-03,2024-06
ISSUE_00321,12.0,Ukkadam,Unknown,Medium,2025-02-24,2025-02
ISSUE_00322,12.0,Gandhipuram,Unknown,High,2023-11-15,2023-11
ISSUE_00323,12.0,Podanur,Unknown,Unknown,2025-03-01,2025-03
ISSUE_00324,12.0,RS Puram,Drainage Leakage,Low,2024-10-24,2024-10
ISSUE_00325,15.0,Koundampalayam,Garbage Dump,Low,2024-08-22,2024-08
ISSUE_00326,12.0,Unknown,Street Light Issue,Unknown,2024-05-01,2024-05
ISSUE_00327,12.0,Ganapathy,Drainage Leakage,Unknown,2023-03-19,2023-03
ISSUE_00328,12.0,Gandhipuram,Water Pipe Burst,Medium,2024-11-07,2024-11
ISSUE_00329,12.0,Ukkadam,Unknown,Low,2023-06-10,2023-06
ISSUE_00330,18.0,Ukkadam,Unknown,High,2023-09-27,2023-09
ISSUE_00331,4.0,Peelamedu,Water Pipe Burst,Unknown,2024-12-08,2024-12
ISSUE_00332,4.0,Podanur,Drainage Leakage,High,2023-12-16,2023-12
ISSUE_00333,12.0,Ganapathy,Unknown,High,2024-12-06,2024-12
ISSUE_00334,19.0,Ukkadam,Unknown,High,2023-10-15,2023-10
ISSUE_00335,12.0,Ukkadam,Pothole,Unknown,2023-05-11,2023-05
ISSUE_00336,12.0,Peelamedu,Unknown,High,2024-12-21,2024-12
ISSUE_00337,16.0,Ganapathy,Street Light Issue,Unknown,2024-11-10,2024-11
ISSUE_00338,12.0,Ukkadam,Water Pipe Burst,High,2024-05-23,2024-05
ISSUE_00339,9.0,Ganapathy,Drainage Leakage,Unknown,2023-10-26,2023-10
ISSUE_00340,10.0,Gandhipuram,Garbage Dump,High,2025-02-01,2025-02
ISSUE_00341,14.0,Unknown,Unknown,Low,2023-07-16,2023-07
ISSUE_00342,12.0,Gandhipuram,Street Light Issue,Unknown,2024-10-27,2024-10
ISSUE_00343,18.0,Saibaba Colony,Unknown,High,2024-12-15,2024-12
ISSUE_00344,12.0,Ukkadam,Garbage Dump,High,2024-05-18,2024-05
ISSUE_00345,12.0,Unknown,Unknown,Low,2025-01-11,2025-01
ISSUE_00346,8.0,Saibaba Colony,Unknown,Low,2024-05-10,2024-05
ISSUE_00347,14.0,Ukkadam,Unknown,Unknown,2024-06-15,2024-06
ISSUE_00348,6.0,Koundampalayam,Garbage Dump,Unknown,2023-10-19,2023-10
ISSUE_00349,8.0,Koundampalayam,Water Pipe Burst,Medium,2024-12-31,2024-12
ISSUE_00350,12.0,Unknown,Unknown,Unknown,2023-10-11,2023-10
ISSUE_00351,20.0,Unknown,Water Pipe Burst,Low,2024-01-18,2024-01
ISSUE_00352,2.0,Ukkadam,Unknown,High,2024-04-15,2024-04
ISSUE_00353,9.0,Peelamedu,Street Light Issue,Medium,2023-10-18,2023-10
ISSUE_00354,12.0,Saibaba Colony,Unknown,High,2024-10-17,2024-10
ISSUE_00355,12.0,Koundampalayam,Street Light Issue,Unknown,2023-01-29,2023-01
ISSUE_00356,15.0,RS Puram,Garbage Dump,Unknown,2024-11-30,2024-11
ISSUE_00357,12.0,Unknown,Unknown,Unknown,2024-12-13,2024-12
ISSUE_00358,4.0,Koundampalayam,Garbage Dump,Unknown,2024-06-01,2024-06
ISSUE_00359,12.0,Unknown,Unknown,Unknown,2025-02-07,2025-02
ISSUE_00360,1.0,Unknown,Garbage Dump,Unknown,2024-03-05,2024-03
ISSUE_00361,4.0,Saibaba Colony,Street Light Issue,Unknown,2023-08-27,2023-08
ISSUE_00362,12.0,Unknown,Garbage Dump,Unknown,2024-01-14,2024-01
ISSUE_00363,12.0,Koundampalayam,Unknown,Low,2024-12-15,2024-12
ISSUE_00364,11.0,Peelamedu,Pothole,Low,2023-07-06,2023-07
ISSUE_00365,12.0,Saibaba Colony,Street Light Issue,Low,2024-05-03,2024-05
ISSUE_00366,7.0,Unknown,Unknown,Unknown,2023-07-18,2023-07
ISSUE_00367,19.0,RS Puram,Water Pipe Burst,Medium,2024-12-05,2024-12
ISSUE_00368,3.0,Peelamedu,Unknown,Medium,2023-12-22,2023-12
ISSUE_00369,18.0,Unknown,Street Light Issue,Unknown,2023-09-26,2023-09
ISSUE_00370,12.0,Ukkadam,Garbage Dump,Medium,2024-08-27,2024-08
ISSUE_00371,12.0,Peelamedu,Street Light Issue,Unknown,2023-05-08,2023-05
ISSUE_00372,12.0,Koundampalayam,Water Pipe Burst,Unknown,2023-08-04,2023-08
ISSUE_00373,20.0,Ganapathy,Unknown,High,2023-11-22,2023-11
ISSUE_00374,12.0,Koundampalayam,Pothole,High,2025-01-26,2025-01
ISSUE_00375,14.0,Saibaba Colony,Street Light Issue,Unknown,2025-01-16,2025-01
ISSUE_00376,12.0,Ukkadam,Street Light Issue,Low,2023-03-30,2023-03
ISSUE_00377,12.0,Peelamedu,Garbage Dump,Unknown,2023-11-10,2023-11
ISSUE_00378,11.0,Ganapathy,Unknown,Medium,2024-06-07,2024-06
ISSUE_00379,12.0,Unknown,Pothole,High,2024-03-11,2024-03
ISSUE_00380,10.0,Ganapathy,Unknown,Low,2023-03-23,2023-03
ISSUE_00381,12.0,Unknown,Garbage Dump,Unknown,2025-06-06,2025-06
ISSUE_00382,12.0,Koundampalayam,Street Light Issue,High,2023-10-07,2023-10
ISSUE_00383,12.0,Ukkadam,Water Pipe Burst,Medium,2025-03-17,2025-03
ISSUE_00384,12.0,Ganapathy,Garbage Dump,High,2023-05-31,2023-05
ISSUE_00385,12.0,Unknown,Pothole,Unknown,2024-04-28,2024-04
ISSUE_00386,12.0,Unknown,Garbage Dump,Unknown,2023-04-27,2023-04
ISSUE_00387,18.0,Unknown,Unknown,Unknown,2024-08-02,2024-08
ISSUE_00388,3.0,Ganapathy,Unknown,Medium,2024-10-12,2024-10
ISSUE_00389,12.0,RS Puram,Water Pipe Burst,Unknown,2024-10-11,2024-10
ISSUE_00390,3.0,Ukkadam,Garbage Dump,Low,2024-12-02,2024-12
ISSUE_00391,11.0,Ganapathy,Unknown,Medium,2024-02-16,2024-02
ISSUE_00392,12.0,Unknown,Street Light Issue,High,2025-07-15,2025-07
ISSUE_00393,1.0,Podanur,Unknown,High,2024-03-03,2024-03
ISSUE_00394,3.0,Koundampalayam,Pothole,Unknown,2024-09-23,2024-09
ISSUE_00395,12.0,Ganapathy,Unknown,Unknown,2023-07-11,2023-07
ISSUE_00396,12.0,RS Puram,Water Pipe Burst,Unknown,2024-02-07,2024-02
ISSUE_00397,12.0,RS Puram,Drainage Leakage,High,2025-04-29,2025-04
ISSUE_00398,12.0,Saibaba Colony,Street Light Issue,Unknown,2023-01-01,2023-01
ISSUE_00399,12.0,Koundampalayam,Pothole,Low,2024-08-01,2024-08
ISSUE_00400,20.0,Koundampalayam,Garbage Dump,Medium,2024-02-03,2024-02
ISSUE_00401,12.0,Podanur,Unknown,Unknown,2023-04-01,2023-04
ISSUE_00402,15.0,Peelamedu,Unknown,Unknown,2024-01-06,2024-01
ISSUE_00403,17.0,Koundampalayam,Drainage Leakage,Unknown,2023-11-02,2023-11
ISSUE_00404,12.0,Saibaba Colony,Water Pipe Burst,High,2023-12-17,2023-12
ISSUE_00405,12.0,RS Puram,Water Pipe Burst,High,2023-03-13,2023-03
ISSUE_00406,17.0,Saibaba Colony,Drainage Leakage,Unknown,2024-06-01,2024-06
ISSUE_00407,12.0,Saibaba Colony,Water Pipe Burst,Unknown,2024-03-22,2024-03
ISSUE_00408,4.0,Ukkadam,Drainage Leakage,Low,2024-01-09,2024-01
ISSUE_00409,12.0,Ganapathy,Street Light Issue,Unknown,2023-08-04,2023-08
ISSUE_00410,12.0,Saibaba Colony,Street Light Issue,Low,2023-06-13,2023-06
ISSUE_00411,18.0,Unknown,Pothole,Unknown,2023-11-26,2023-11
ISSUE_00412,4.0,Unknown,Garbage Dump,Medium,2023-09-21,2023-09
ISSUE_00413,12.0,Podanur,Garbage Dump,Medium,2024-09-10,2024-09
ISSUE_00414,11.0,Peelamedu,Unknown,Unknown,2023-03-27,2023-03
ISSUE_00415,1.0,Peelamedu,Garbage Dump,Unknown,2024-01-16,2024-01
ISSUE_00416,3.0,Peelamedu,Drainage Leakage,Unknown,2024-12-17,2024-12
ISSUE_00417,12.0,Unknown,Water Pipe Burst,Unknown,2023-04-17,2023-04
ISSUE_00418,15.0,Ganapathy,Street Light Issue,Unknown,2025-01-27,2025-01
ISSUE_00419,12.0,RS Puram,Drainage Leakage,Unknown,2024-06-23,2024-06
ISSUE_00420,17.0,Saibaba Colony,Unknown,Unknown,2024-06-11,2024-06
ISSUE_00421,5.0,Saibaba Colony,Street Light Issue,Unknown,2023-12-30,2023-12
ISSUE_00422,12.0,Ganapathy,Drainage Leakage,High,2023-08-29,2023-08
ISSUE_00423,12.0,Unknown,Unknown,High,2024-09-17,2024-09
ISSUE_00424,8.0,Ukkadam,Unknown,Unknown,2023-08-21,2023-08
ISSUE_00425,12.0,Ganapathy,Garbage Dump,Unknown,2025-04-16,2025-04
ISSUE_00426,12.0,Ganapathy,Street Light Issue,Unknown,2024-10-29,2024-10
ISSUE_00427,12.0,Podanur,Drainage Leakage,Medium,2023-09-21,2023-09
ISSUE_00428,6.0,Gandhipuram,Water Pipe Burst,Medium,2023-05-14,2023-05
ISSUE_00429,9.0,Koundampalayam,Unknown,Low,2025-07-17,2025-07
ISSUE_00430,12.0,Unknown,Street Light Issue,Unknown,2024-11-23,2024-11
ISSUE_00431,12.0,Peelamedu,Garbage Dump,High,2025-02-28,2025-02
ISSUE_00432,19.0,Koundampalayam,Garbage Dump,Medium,2024-06-21,2024-06
ISSUE_00433,20.0,Saibaba Colony,Unknown,Unknown,2025-03-12,2025-03
ISSUE_00434,20.0,Gandhipuram,Street Light Issue,High,2023-02-18,2023-02
ISSUE_00435,2.0,Unknown,Unknown,Low,2024-04-16,2024-04
ISSUE_00436,15.0,Unknown,Unknown,Low,2023-02-27,2023-02
ISSUE_00437,12.0,Unknown,Unknown,Unknown,2023-03-03,2023-03
ISSUE_00438,13.0,Koundampalayam,Unknown,Medium,2025-06-11,2025-06
ISSUE_00439,12.0,Peelamedu,Street Light Issue,Unknown,2024-07-21,2024-07
ISSUE_00440,12.0,Ukkadam,Street Light Issue,Unknown,2023-11-23,2023-11
ISSUE_00441,4.0,Peelamedu,Unknown,High,2023-08-10,2023-08
ISSUE_00442,1.0,Koundampalayam,Unknown,Unknown,2024-08-25,2024-08
ISSUE_00443,12.0,Saibaba Colony,Garbage Dump,Unknown,2025-05-31,2025-05
ISSUE_00444,4.0,Gandhipuram,Garbage Dump,High,2024-01-19,2024-01
ISSUE_00445,12.0,Koundampalayam,Unknown,Low,2023-01-27,2023-01
ISSUE_00446,12.0,Koundampalayam,Water Pipe Burst,Low,2023-12-11,2023-12
ISSUE_00447,14.0,Gandhipuram,Unknown,High,2024-05-27,2024-05
ISSUE_00448,12.0,Koundampalayam,Water Pipe Burst,Unknown,2023-07-08,2023-07
ISSUE_00449,12.0,RS Puram,Unknown,Unknown,2024-08-04,2024-08
ISSUE_00450,5.0,Koundampalayam,Garbage Dump,Medium,2024-11-02,2024-11
ISSUE_00451,12.0,RS Puram,Drainage Leakage,High,2025-02-15,2025-02
ISSUE_00452,12.0,Ukkadam,Garbage Dump,Medium,2023-09-30,2023-09
ISSUE_00453,12.0,Ukkadam,Garbage Dump,High,2024-03-31,2024-03
ISSUE_00454,15.0,Saibaba Colony,Street Light Issue,Low,2024-11-03,2024-11
ISSUE_00455,12.0,Unknown,Unknown,Unknown,2023-03-08,2023-03
ISSUE_00456,12.0,Ganapathy,Water Pipe Burst,Medium,2025-05-12,2025-05
ISSUE_00457,12.0,Gandhipuram,Unknown,Medium,2023-05-02,2023-05
ISSUE_00458,12.0,Peelamedu,Water Pipe Burst,Unknown,2023-10-12,2023-10
ISSUE_00459,12.0,Unknown,Drainage Leakage,Unknown,2024-06-09,2024-06
ISSUE_00460,12.0,RS Puram,Drainage Leakage,High,2023-07-14,2023-07
ISSUE_00461,12.0,Koundampalayam,Pothole,Unknown,2023-02-16,2023-02
ISSUE_00462,12.0,Ukkadam,Unknown,Medium,2025-04-28,2025-04
ISSUE_00463,15.0,Podanur,Unknown,Low,2023-04-22,2023-04
ISSUE_00464,4.0,Saibaba Colony,Drainage Leakage,Medium,2025-03-31,2025-03
ISSUE_00465,12.0,Unknown,Unknown,Unknown,2023-04-29,2023-04
ISSUE_00466,3.0,RS Puram,Water Pipe Burst,High,2023-12-05,2023-12
ISSUE_00467,15.0,Koundampalayam,Pothole,Unknown,2024-11-24,2024-11
ISSUE_00468,8.0,Ganapathy,Drainage Leakage,Low,2024-02-28,2024-02
ISSUE_00469,15.0,Podanur,Unknown,Medium,2024-07-20,2024-07
ISSUE_00470,17.0,Saibaba Colony,Street Light Issue,High,2023-06-16,2023-06
ISSUE_00471,10.0,Gandhipuram,Garbage Dump,Medium,2024-01-20,2024-01
ISSUE_00472,5.0,Unknown,Unknown,High,2024-04-15,2024-04
ISSUE_00473,12.0,Gandhipuram,Unknown,Medium,2025-02-21,2025-02
ISSUE_00474,10.0,Unknown,Unknown,Low,2025-05-17,2025-05
ISSUE_00475,16.0,Unknown,Water Pipe Burst,Unknown,2024-06-09,2024-06
ISSUE_00476,12.0,Gandhipuram,Drainage Leakage,Unknown,2025-06-13,2025-06
ISSUE_00477,12.0,Podanur,Unknown,Low,2023-07-13,2023-07
ISSUE_00478,13.0,Unknown,Drainage Leakage,Low,2025-02-16,2025-02
ISSUE_00479,17.0,Peelamedu,Street Light Issue,Unknown,2023-01-10,2023-01
ISSUE_00480,10.0,Ganapathy,Street Light Issue,Unknown,2024-05-29,2024-05
ISSUE_00481,12.0,Saibaba Colony,Street Light Issue,Unknown,2023-03-12,2023-03
ISSUE_00482,14.0,Podanur,Unknown,High,2023-06-18,2023-06
ISSUE_00483,16.0,Koundampalayam,Garbage Dump,Unknown,2023-08-22,2023-08
ISSUE_00484,12.0,Podanur,Garbage Dump,High,2025-04-11,2025-04
ISSUE_00485,13.0,Ganapathy,Garbage Dump,Unknown,2024-10-12,2024-10
ISSUE_00486,12.0,Ganapathy,Garbage Dump,Unknown,2023-12-10,2023-12
ISSUE_00487,11.0,Peelamedu,Unknown,Unknown,2023-10-20,2023-10
ISSUE_00488,4.0,RS Puram,Pothole,Medium,2024-06-15,2024-06
ISSUE_00489,12.0,Peelamedu,Pothole,Medium,2023-10-06,2023-10
ISSUE_00490,12.0,Peelamedu,Drainage Leakage,High,2025-04-30,2025-04
ISSUE_00491,12.0,Unknown,Unknown,Unknown,2025-06-24,2025-06
ISSUE_00492,12.0,Ganapathy,Unknown,Low,2024-04-06,2024-04
ISSUE_00493,18.0,Ukkadam,Drainage Leakage,Unknown,2024-02-02,2024-02
ISSUE_00494,16.0,Ganapathy,Water Pipe Burst,Unknown,2025-04-21,2025-04
ISSUE_00495,5.0,Peelamedu,Pothole,Low,2024-02-22,2024-02
ISSUE_00496,12.0,Ukkadam,Drainage Leakage,High,2023-11-09,2023-11
ISSUE_00497,12.0,Podanur,Unknown,Unknown,2023-04-04,2023-04
ISSUE_00498,6.0,Unknown,Pothole,Unknown,2024-08-18,2024-08
ISSUE_00499,12.0,Ukkadam,Water Pipe Burst,Low,2024-11-29,2024-11
ISSUE_00500,16.0,Podanur,Unknown,Unknown,2024-08-31,2024-08
ISSUE_00501,12.0,Gandhipuram,Street Light Issue,High,2025-07-07,2025-07
ISSUE_00502,12.0,Ganapathy,Unknown,Medium,2024-07-07,2024-07
ISSUE_00503,12.0,Peelamedu,Unknown,Medium,2024-06-27,2024-06
ISSUE_00504,12.0,Saibaba Colony,Unknown,Medium,2023-11-07,2023-11
ISSUE_00505,12.0,RS Puram,Garbage Dump,Low,2023-06-11,2023-06
ISSUE_00506,12.0,Koundampalayam,Unknown,Low,2023-09-17,2023-09
ISSUE_00507,12.0,Podanur,Unknown,Medium,2023-12-30,2023-12
ISSUE_00508,16.0,Gandhipuram,Pothole,High,2024-12-18,2024-12
ISSUE_00509,13.0,Ganapathy,Street Light Issue,High,2023-06-19,2023-06
ISSUE_00510,16.0,Saibaba Colony,Drainage Leakage,Medium,2025-06-27,2025-06
ISSUE_00511,11.0,Peelamedu,Drainage Leakage,Low,2023-03-19,2023-03
ISSUE_00512,7.0,Koundampalayam,Water Pipe Burst,High,2024-02-19,2024-02
ISSUE_00513,11.0,Gandhipuram,Garbage Dump,Medium,2024-10-24,2024-10
ISSUE_00514,12.0,Ukkadam,Street Light Issue,Unknown,2024-05-30,2024-05
ISSUE_00515,12.0,Unknown,Street Light Issue,High,2023-07-13,2023-07
ISSUE_00516,4.0,Podanur,Pothole,Unknown,2023-09-07,2023-09
ISSUE_00517,12.0,Saibaba Colony,Water Pipe Burst,Low,2024-02-17,2024-02
ISSUE_00518,3.0,Ganapathy,Garbage Dump,Unknown,2023-08-31,2023-08
ISSUE_00519,6.0,Saibaba Colony,Unknown,Medium,2024-06-25,2024-06
ISSUE_00520,12.0,Gandhipuram,Garbage Dump,High,2025-01-27,2025-01
ISSUE_00521,8.0,Saibaba Colony,Pothole,Unknown,2023-05-23,2023-05
ISSUE_00522,8.0,Ganapathy,Water Pipe Burst,Unknown,2023-09-15,2023-09
ISSUE_00523,12.0,Unknown,Unknown,Unknown,2023-10-07,2023-10
ISSUE_00524,12.0,Ganapathy,Unknown,Unknown,2023-03-25,2023-03
ISSUE_00525,18.0,Unknown,Drainage Leakage,Low,2023-08-04,2023-08
ISSUE_00526,12.0,Unknown,Garbage Dump,Unknown,2024-08-13,2024-08
ISSUE_00527,5.0,Podanur,Drainage Leakage,Unknown,2025-04-21,2025-04
ISSUE_00528,12.0,Podanur,Pothole,Medium,2024-09-28,2024-09
ISSUE_00529,12.0,Saibaba Colony,Drainage Leakage,Low,2024-03-14,2024-03
ISSUE_00530,12.0,Ukkadam,Drainage Leakage,High,2025-06-12,2025-06
ISSUE_00531,1.0,Peelamedu,Drainage Leakage,High,2025-05-02,2025-05
ISSUE_00532,12.0,Unknown,Unknown,High,2024-09-05,2024-09
ISSUE_00533,12.0,Ganapathy,Garbage Dump,Medium,2023-12-06,2023-12
ISSUE_00534,12.0,Ganapathy,Street Light Issue,Unknown,2024-10-13,2024-10
ISSUE_00535,12.0,Unknown,Water Pipe Burst,High,2024-04-24,2024-04
ISSUE_00536,3.0,Unknown,Drainage Leakage,Medium,2023-01-11,2023-01
ISSUE_00537,17.0,Ganapathy,Unknown,Unknown,2024-04-14,2024-04
ISSUE_00538,12.0,Ganapathy,Drainage Leakage,Unknown,2024-08-01,2024-08
ISSUE_00539,6.0,Koundampalayam,Street Light Issue,Unknown,2023-07-02,2023-07
ISSUE_00540,12.0,Peelamedu,Street Light Issue,Medium,2023-01-13,2023-01
ISSUE_00541,12.0,Ganapathy,Garbage Dump,High,2025-06-28,2025-06
ISSUE_00542,17.0,Koundampalayam,Drainage Leakage,Unknown,2024-10-16,2024-10
ISSUE_00543,12.0,Ukkadam,Unknown,Unknown,2024-04-20,2024-04
ISSUE_00544,12.0,Peelamedu,Water Pipe Burst,Unknown,2024-06-05,2024-06
ISSUE_00545,12.0,Gandhipuram,Pothole,Unknown,2024-07-05,2024-07
ISSUE_00546,9.0,Koundampalayam,Garbage Dump,High,2023-06-02,2023-06
ISSUE_00547,16.0,Ukkadam,Unknown,High,2025-02-07,2025-02
ISSUE_00548,12.0,Unknown,Unknown,Low,2024-10-08,2024-10
ISSUE_00549,12.0,Ganapathy,Unknown,Medium,2023-05-11,2023-05
ISSUE_00550,4.0,RS Puram,Unknown,High,2024-03-28,2024-03
ISSUE_00551,12.0,Ukkadam,Pothole,Unknown,2024-10-12,2024-10
ISSUE_00552,8.0,Ukkadam,Water Pipe Burst,Unknown,2025-02-22,2025-02
ISSUE_00553,12.0,Peelamedu,Unknown,Medium,2023-11-06,2023-11
ISSUE_00554,12.0,Unknown,Garbage Dump,Low,2023-10-24,2023-10
ISSUE_00555,2.0,Ganapathy,Street Light Issue,High,2025-04-17,2025-04
ISSUE_00556,12.0,Peelamedu,Street Light Issue,Low,2023-05-17,2023-05
ISSUE_00557,12.0,Peelamedu,Garbage Dump,Unknown,2024-01-28,2024-01
ISSUE_00558,12.0,Podanur,Water Pipe Burst,Medium,2023-02-26,2023-02
ISSUE_00559,16.0,Ukkadam,Water Pipe Burst,High,2025-02-11,2025-02
ISSUE_00560,12.0,Gandhipuram,Garbage Dump,Unknown,2023-10-15,2023-10
ISSUE_00561,17.0,Unknown,Unknown,Unknown,2025-04-16,2025-04
ISSUE_00562,1.0,Ukkadam,Garbage Dump,Unknown,2023-02-04,2023-02
ISSUE_00563,16.0,Saibaba Colony,Street Light Issue,Medium,2024-04-09,2024-04
ISSUE_00564,12.0,Podanur,Street Light Issue,Unknown,2024-03-18,2024-03
ISSUE_00565,12.0,Unknown,Water Pipe Burst,Unknown,2023-02-19,2023-02
ISSUE_00566,12.0,Gandhipuram,Garbage Dump,High,2024-03-15,2024-03
ISSUE_00567,4.0,Unknown,Street Light Issue,Unknown,2023-09-22,2023-09
ISSUE_00568,12.0,Gandhipuram,Unknown,Medium,2025-02-28,2025-02
ISSUE_00569,16.0,Koundampalayam,Garbage Dump,Medium,2023-03-09,2023-03
ISSUE_00570,12.0,Unknown,Street Light Issue,Unknown,2023-12-05,2023-12
ISSUE_00571,9.0,Gandhipuram,Pothole,Unknown,2024-06-02,2024-06
ISSUE_00572,12.0,RS Puram,Unknown,Unknown,2024-04-03,2024-04
ISSUE_00573,10.0,Unknown,Unknown,Unknown,2023-04-16,2023-04
ISSUE_00574,12.0,RS Puram,Water Pipe Burst,High,2023-11-21,2023-11
ISSUE_00575,18.0,Unknown,Garbage Dump,Low,2024-02-10,2024-02
ISSUE_00576,12.0,Ganapathy,Unknown,Medium,2025-05-02,2025-05
ISSUE_00577,12.0,Koundampalayam,Water Pipe Burst,Unknown,2025-05-04,2025-05
ISSUE_00578,8.0,Ganapathy,Street Light Issue,High,2024-12-23,2024-12
ISSUE_00579,12.0,Ukkadam,Unknown,High,2023-11-18,2023-11
ISSUE_00580,12.0,RS Puram,Garbage Dump,Low,2025-05-20,2025-05
ISSUE_00581,12.0,Unknown,Garbage Dump,High,2025-06-02,2025-06
ISSUE_00582,12.0,RS Puram,Pothole,Unknown,2024-01-20,2024-01
ISSUE_00583,11.0,Unknown,Garbage Dump,Unknown,2024-07-11,2024-07
ISSUE_00584,4.0,Ukkadam,Unknown,Unknown,2023-03-29,2023-03
ISSUE_00585,12.0,Peelamedu,Drainage Leakage,Low,2023-09-03,2023-09
ISSUE_00586,2.0,Unknown,Unknown,Unknown,2024-09-22,2024-09
ISSUE_00587,12.0,Peelamedu,Unknown,Low,2024-01-12,2024-01
ISSUE_00588,3.0,Saibaba Colony,Unknown,High,2024-04-04,2024-04
ISSUE_00589,12.0,Unknown,Garbage Dump,Unknown,2024-12-28,2024-12
ISSUE_00590,12.0,Ukkadam,Unknown,Unknown,2023-06-17,2023-06
ISSUE_00591,12.0,Saibaba Colony,Unknown,Low,2024-10-07,2024-10
ISSUE_00592,11.0,Ganapathy,Garbage Dump,Unknown,2023-07-13,2023-07
ISSUE_00593,12.0,RS Puram,Drainage Leakage,Medium,2023-08-22,2023-08
ISSUE_00594,12.0,RS Puram,Unknown,Unknown,2023-10-28,2023-10
ISSUE_00595,7.0,Gandhipuram,Street Light Issue,Medium,2024-05-11,2024-05
ISSUE_00596,12.0,Saibaba Colony,Garbage Dump,Unknown,2024-10-09,2024-10
ISSUE_00597,12.0,Gandhipuram,Pothole,Low,2024-07-03,2024-07
ISSUE_00598,12.0,Saibaba Colony,Unknown,Low,2025-05-25,2025-05
ISSUE_00599,4.0,Koundampalayam,Pothole,Medium,2023-07-31,2023-07
ISSUE_00600,15.0,Unknown,Drainage Leakage,Medium,2024-06-23,2024-06
ISSUE_00601,12.0,Saibaba Colony,Water Pipe Burst,High,2023-01-10,2023-01
ISSUE_00602,12.0,Ganapathy,Pothole,Low,2025-03-15,2025-03
ISSUE_00603,12.0,Koundampalayam,Unknown,Unknown,2025-06-26,2025-06
ISSUE_00604,12.0,Ganapathy,Water Pipe Burst,High,2023-07-08,2023-07
ISSUE_00605,7.0,Unknown,Water Pipe Burst,Medium,2024-05-22,2024-05
ISSUE_00606,12.0,Saibaba Colony,Drainage Leakage,Unknown,2024-04-14,2024-04
ISSUE_00607,12.0,Unknown,Unknown,Medium,2025-06-28,2025-06
ISSUE_00608,12.0,Koundampalayam,Pothole,Unknown,2025-05-03,2025-05
ISSUE_00609,12.0,RS Puram,Water Pipe Burst,Medium,2025-06-16,2025-06
ISSUE_00610,11.0,Ganapathy,Unknown,Unknown,2024-01-02,2024-01
ISSUE_00611,12.0,RS Puram,Garbage Dump,High,2024-11-27,2024-11
ISSUE_00612,12.0,Podanur,Pothole,Medium,2024-12-19,2024-12
ISSUE_00613,12.0,Unknown,Unknown,Low,2025-06-30,2025-06
ISSUE_00614,15.0,Ganapathy,Pothole,Unknown,2025-05-23,2025-05
ISSUE_00615,20.0,Gandhipuram,Drainage Leakage,Low,2023-08-12,2023-08
ISSUE_00616,12.0,Ganapathy,Pothole,Unknown,2024-07-08,2024-07
ISSUE_00617,2.0,Peelamedu,Unknown,Unknown,2025-05-31,2025-05
ISSUE_00618,12.0,Gandhipuram,Water Pipe Burst,High,2024-03-14,2024-03
ISSUE_00619,12.0,Saibaba Colony,Water Pipe Burst,Low,2024-03-02,2024-03
ISSUE_00620,3.0,Saibaba Colony,Water Pipe Burst,High,2025-06-01,2025-06
ISSUE_00621,12.0,Podanur,Unknown,Medium,2023-05-26,2023-05
ISSUE_00622,12.0,Unknown,Water Pipe Burst,Unknown,2024-05-10,2024-05
ISSUE_00623,12.0,Unknown,Garbage Dump,Unknown,2024-11-28,2024-11
ISSUE_00624,12.0,RS Puram,Unknown,Unknown,2025-07-12,2025-07
ISSUE_00625,12.0,Saibaba Colony,Water Pipe Burst,Unknown,2024-08-15,2024-08
ISSUE_00626,12.0,Ganapathy,Garbage Dump,Low,2025-04-15,2025-04
ISSUE_00627,1.0,Ganapathy,Street Light Issue,High,2023-03-31,2023-03
ISSUE_00628,12.0,Ganapathy,Water Pipe Burst,Medium,2024-12-15,2024-12
ISSUE_00629,12.0,Saibaba Colony,Drainage Leakage,Low,2025-02-08,2025-02
ISSUE_00630,11.0,Podanur,Drainage Leakage,High,2024-12-25,2024-12
ISSUE_00631,12.0,Ganapathy,Pothole,High,2025-03-29,2025-03
ISSUE_00632,12.0,Ukkadam,Unknown,Medium,2024-08-15,2024-08
ISSUE_00633,12.0,Unknown,Street Light Issue,Medium,2023-10-18,2023-10
ISSUE_00634,19.0,Unknown,Pothole,High,2024-10-06,2024-10
ISSUE_00635,13.0,Peelamedu,Garbage Dump,Low,2025-07-11,2025-07
ISSUE_00636,9.0,Ganapathy,Unknown,High,2023-11-04,2023-11
ISSUE_00637,12.0,Unknown,Unknown,Unknown,2024-03-13,2024-03
ISSUE_00638,13.0,Unknown,Drainage Leakage,High,2023-02-18,2023-02
ISSUE_00639,16.0,Unknown,Unknown,Medium,2025-05-06,2025-05
ISSUE_00640,12.0,RS Puram,Garbage Dump,High,2025-06-22,2025-06
ISSUE_00641,12.0,Unknown,Street Light Issue,High,2023-01-04,2023-01
ISSUE_00642,2.0,Peelamedu,Garbage Dump,Low,2023-02-13,2023-02
ISSUE_00643,8.0,Peelamedu,Pothole,Medium,2024-01-31,2024-01
ISSUE_00644,6.0,Gandhipuram,Drainage Leakage,Unknown,2023-01-29,2023-01
ISSUE_00645,11.0,RS Puram,Drainage Leakage,Medium,2024-01-29,2024-01
ISSUE_00646,14.0,Ganapathy,Unknown,Low,2024-01-23,2024-01
ISSUE_00647,12.0,Gandhipuram,Unknown,Low,2024-01-11,2024-01
ISSUE_00648,12.0,Unknown,Unknown,Medium,2024-10-20,2024-10
ISSUE_00649,12.0,Ukkadam,Unknown,High,2024-11-24,2024-11
ISSUE_00650,12.0,Gandhipuram,Unknown,Low,2023-10-14,2023-10
ISSUE_00651,12.0,Unknown,Drainage Leakage,High,2023-03-10,2023-03
ISSUE_00652,12.0,Saibaba Colony,Pothole,Unknown,2023-05-15,2023-05
ISSUE_00653,12.0,Koundampalayam,Drainage Leakage,Low,2025-04-08,2025-04
ISSUE_00654,20.0,Ukkadam,Drainage Leakage,Unknown,2023-02-02,2023-02
ISSUE_00655,12.0,Podanur,Unknown,Low,2024-06-19,2024-06
ISSUE_00656,12.0,RS Puram,Garbage Dump,Medium,2023-10-22,2023-10
ISSUE_00657,12.0,Unknown,Drainage Leakage,High,2024-08-28,2024-08
ISSUE_00658,1.0,Unknown,Drainage Leakage,High,2024-06-29,2024-06
ISSUE_00659,12.0,Ganapathy,Street Light Issue,Unknown,2024-01-04,2024-01
ISSUE_00660,12.0,Unknown,Water Pipe Burst,Unknown,2024-03-16,2024-03
ISSUE_00661,19.0,Podanur,Pothole,Unknown,2024-08-22,2024-08
ISSUE_00662,20.0,Unknown,Garbage Dump,Low,2025-01-29,2025-01
ISSUE_00663,3.0,Unknown,Pothole,Medium,2023-11-11,2023-11
ISSUE_00664,17.0,Koundampalayam,Unknown,Unknown,2025-01-28,2025-01
ISSUE_00665,14.0,Gandhipuram,Drainage Leakage,Medium,2025-01-05,2025-01
ISSUE_00666,19.0,Ganapathy,Drainage Leakage,Medium,2023-04-04,2023-04
ISSUE_00667,12.0,Gandhipuram,Drainage Leakage,High,2025-02-11,2025-02
ISSUE_00668,12.0,Ganapathy,Drainage Leakage,Unknown,2024-08-23,2024-08
ISSUE_00669,15.0,Unknown,Pothole,Medium,2024-12-24,2024-12
ISSUE_00670,12.0,Gandhipuram,Street Light Issue,Medium,2023-02-20,2023-02
ISSUE_00671,12.0,Podanur,Unknown,Low,2023-11-18,2023-11
ISSUE_00672,12.0,RS Puram,Pothole,Unknown,2024-01-06,2024-01
ISSUE_00673,12.0,Ukkadam,Pothole,Medium,2024-04-25,2024-04
ISSUE_00674,12.0,Peelamedu,Water Pipe Burst,Unknown,2024-11-08,2024-11
ISSUE_00675,12.0,Ukkadam,Pothole,Low,2023-05-15,2023-05
ISSUE_00676,10.0,Koundampalayam,Street Light Issue,Unknown,2024-12-24,2024-12
ISSUE_00677,1.0,Koundampalayam,Unknown,Medium,2023-08-23,2023-08
ISSUE_00678,12.0,Ukkadam,Pothole,Unknown,2024-09-02,2024-09
ISSUE_00679,15.0,Peelamedu,Garbage Dump,Unknown,2025-03-18,2025-03
ISSUE_00680,7.0,Ukkadam,Garbage Dump,Unknown,2025-05-20,2025-05
ISSUE_00681,11.0,Saibaba Colony,Pothole,Unknown,2023-06-04,2023-06
ISSUE_00682,13.0,Peelamedu,Drainage Leakage,Medium,2025-07-08,2025-07
ISSUE_00683,12.0,Koundampalayam,Unknown,Unknown,2023-10-26,2023-10
ISSUE_00684,12.0,Gandhipuram,Street Light Issue,Low,2025-03-29,2025-03
ISSUE_00685,12.0,Podanur,Unknown,Medium,2025-04-03,2025-04
ISSUE_00686,12.0,Gandhipuram,Unknown,Unknown,2023-03-30,2023-03
ISSUE_00687,12.0,Saibaba Colony,Pothole,Medium,2023-04-15,2023-04
ISSUE_00688,12.0,RS Puram,Drainage Leakage,Low,2025-01-09,2025-01
ISSUE_00689,12.0,Unknown,Pothole,High,2023-02-09,2023-02
ISSUE_00690,13.0,Gandhipuram,Garbage Dump,Medium,2024-02-28,2024-02
ISSUE_00691,12.0,RS Puram,Drainage Leakage,Low,2025-06-04,2025-06
ISSUE_00692,4.0,Peelamedu,Water Pipe Burst,Unknown,2023-11-15,2023-11
ISSUE_00693,12.0,Unknown,Unknown,Medium,2023-10-04,2023-10
ISSUE_00694,9.0,Koundampalayam,Drainage Leakage,High,2023-10-30,2023-10
ISSUE_00695,7.0,Peelamedu,Water Pipe Burst,Unknown,2023-12-18,2023-12
ISSUE_00696,12.0,Podanur,Drainage Leakage,Unknown,2024-09-13,2024-09
ISSUE_00697,19.0,Koundampalayam,Street Light Issue,Unknown,2024-01-27,2024-01
ISSUE_00698,12.0,Gandhipuram,Garbage Dump,Medium,2025-02-27,2025-02
ISSUE_00699,12.0,Gandhipuram,Drainage Leakage,Unknown,2024-04-21,2024-04
ISSUE_00700,5.0,RS Puram,Unknown,Unknown,2023-01-05,2023-01
ISSUE_00701,12.0,Koundampalayam,Street Light Issue,Low,2023-09-22,2023-09
ISSUE_00702,11.0,Gandhipuram,Garbage Dump,Unknown,2024-12-24,2024-12
ISSUE_00703,20.0,Unknown,Street Light Issue,Unknown,2023-04-20,2023-04
ISSUE_00704,12.0,Koundampalayam,Garbage Dump,Unknown,2023-02-01,2023-02
ISSUE_00705,12.0,Peelamedu,Unknown,Unknown,2025-02-01,2025-02
ISSUE_00706,12.0,RS Puram,Pothole,High,2024-12-18,2024-12
ISSUE_00707,12.0,Koundampalayam,Water Pipe Burst,Medium,2023-06-12,2023-06
ISSUE_00708,7.0,Ukkadam,Street Light Issue,Unknown,2025-05-22,2025-05
ISSUE_00709,6.0,RS Puram,Water Pipe Burst,Medium,2023-10-24,2023-10
ISSUE_00710,12.0,Saibaba Colony,Garbage Dump,Medium,2024-10-22,2024-10
ISSUE_00711,9.0,Peelamedu,Water Pipe Burst,Unknown,2023-07-28,2023-07
ISSUE_00712,13.0,Ganapathy,Drainage Leakage,Unknown,2023-12-11,2023-12
ISSUE_00713,9.0,Peelamedu,Garbage Dump,Unknown,2024-10-09,2024-10
ISSUE_00714,1.0,Ukkadam,Pothole,Unknown,2024-12-08,2024-12
ISSUE_00715,12.0,Unknown,Unknown,Low,2023-03-01,2023-03
ISSUE_00716,16.0,Podanur,Unknown,Low,2025-01-13,2025-01
ISSUE_00717,12.0,Unknown,Drainage Leakage,Unknown,2024-10-12,2024-10
ISSUE_00718,12.0,RS Puram,Garbage Dump,Low,2023-06-11,2023-06
ISSUE_00719,12.0,Peelamedu,Street Light Issue,Unknown,2024-07-28,2024-07
ISSUE_00720,4.0,Unknown,Pothole,Unknown,2023-08-04,2023-08
ISSUE_00721,12.0,Peelamedu,Drainage Leakage,Medium,2025-05-03,2025-05
ISSUE_00722,12.0,Unknown,Water Pipe Burst,Unknown,2024-12-18,2024-12
ISSUE_00723,2.0,Unknown,Drainage Leakage,Unknown,2024-03-23,2024-03
ISSUE_00724,12.0,Koundampalayam,Street Light Issue,Unknown,2023-09-23,2023-09
ISSUE_00725,10.0,Koundampalayam,Drainage Leakage,Low,2023-10-27,2023-10
ISSUE_00726,12.0,Koundampalayam,Unknown,Unknown,2024-06-25,2024-06
ISSUE_00727,12.0,Unknown,Drainage Leakage,Low,2024-01-14,2024-01
ISSUE_00728,12.0,Unknown,Unknown,Medium,2025-02-04,2025-02
ISSUE_00729,9.0,Koundampalayam,Unknown,Low,2024-06-16,2024-06
ISSUE_00730,6.0,Unknown,Drainage Leakage,Unknown,2023-07-29,2023-07
ISSUE_00731,12.0,Podanur,Pothole,High,2023-12-25,2023-12
ISSUE_00732,12.0,RS Puram,Unknown,Medium,2025-05-30,2025-05
ISSUE_00733,2.0,Unknown,Unknown,High,2024-02-12,2024-02
ISSUE_00734,10.0,Gandhipuram,Unknown,Low,2023-09-23,2023-09
ISSUE_00735,12.0,Unknown,Drainage Leakage,Unknown,2024-03-25,2024-03
ISSUE_00736,12.0,Gandhipuram,Water Pipe Burst,Unknown,2025-05-30,2025-05
ISSUE_00737,12.0,Unknown,Street Light Issue,Unknown,2023-11-01,2023-11
ISSUE_00738,2.0,Ganapathy,Unknown,Unknown,2024-09-23,2024-09
ISSUE_00739,12.0,Saibaba Colony,Street Light Issue,Low,2023-07-10,2023-07
ISSUE_00740,1.0,RS Puram,Pothole,Unknown,2023-01-29,2023-01
ISSUE_00741,4.0,Unknown,Street Light Issue,High,2024-01-17,2024-01
ISSUE_00742,20.0,Saibaba Colony,Unknown,Medium,2024-01-18,2024-01
ISSUE_00743,12.0,Unknown,Unknown,High,2025-01-03,2025-01
ISSUE_00744,12.0,Unknown,Garbage Dump,Unknown,2024-07-20,2024-07
ISSUE_00745,12.0,Unknown,Drainage Leakage,Unknown,2023-04-20,2023-04
ISSUE_00746,5.0,RS Puram,Water Pipe Burst,Medium,2025-07-13,2025-07
ISSUE_00747,10.0,RS Puram,Water Pipe Burst,Low,2023-11-18,2023-11
ISSUE_00748,12.0,Unknown,Drainage Leakage,Low,2023-02-07,2023-02
ISSUE_00749,5.0,Saibaba Colony,Street Light Issue,Low,2024-08-20,2024-08
ISSUE_00750,7.0,RS Puram,Drainage Leakage,Unknown,2024-08-30,2024-08
ISSUE_00751,12.0,Ukkadam,Unknown,Unknown,2023-05-01,2023-05
ISSUE_00752,6.0,Koundampalayam,Unknown,Medium,2024-07-24,2024-07
ISSUE_00753,6.0,Gandhipuram,Unknown,Unknown,2023-06-18,2023-06
ISSUE_00754,12.0,Saibaba Colony,Pothole,High,2023-07-17,2023-07
ISSUE_00755,17.0,Saibaba Colony,Drainage Leakage,High,2024-06-09,2024-06
ISSUE_00756,18.0,Ukkadam,Unknown,Unknown,2025-02-07,2025-02
ISSUE_00757,6.0,Saibaba Colony,Garbage Dump,Unknown,2023-11-13,2023-11
ISSUE_00758,12.0,Gandhipuram,Unknown,High,2023-05-06,2023-05
ISSUE_00759,2.0,Podanur,Unknown,Medium,2023-12-28,2023-12
ISSUE_00760,18.0,Ganapathy,Unknown,Unknown,2023-07-22,2023-07
ISSUE_00761,12.0,RS Puram,Unknown,Unknown,2023-10-20,2023-10
ISSUE_00762,12.0,Ukkadam,Garbage Dump,Unknown,2023-09-17,2023-09
ISSUE_00763,12.0,Ganapathy,Unknown,High,2024-06-15,2024-06
ISSUE_00764,5.0,RS Puram,Drainage Leakage,Unknown,2023-04-29,2023-04
ISSUE_00765,12.0,Ganapathy,Pothole,Unknown,2025-05-29,2025-05
ISSUE_00766,11.0,Saibaba Colony,Unknown,Unknown,2025-03-04,2025-03
ISSUE_00767,12.0,Unknown,Unknown,Medium,2024-06-06,2024-06
ISSUE_00768,12.0,Saibaba Colony,Drainage Leakage,High,2025-06-18,2025-06
ISSUE_00769,12.0,RS Puram,Street Light Issue,Unknown,2025-07-20,2025-07
ISSUE_00770,12.0,Koundampalayam,Drainage Leakage,Medium,2025-01-29,2025-01
ISSUE_00771,12.0,Gandhipuram,Pothole,Medium,2023-05-13,2023-05
ISSUE_00772,13.0,Peelamedu,Street Light Issue,Low,2024-01-09,2024-01
ISSUE_00773,12.0,Peelamedu,Garbage Dump,Unknown,2024-10-31,2024-10
ISSUE_00774,16.0,Koundampalayam,Unknown,High,2025-02-11,2025-02
ISSUE_00775,12.0,Koundampalayam,Pothole,Unknown,2024-10-02,2024-10
ISSUE_00776,12.0,Unknown,Unknown,Unknown,2023-07-01,2023-07
ISSUE_00777,18.0,RS Puram,Pothole,High,2023-06-22,2023-06
ISSUE_00778,1.0,Koundampalayam,Unknown,High,2023-07-22,2023-07
ISSUE_00779,12.0,RS Puram,Pothole,Unknown,2024-11-29,2024-11
ISSUE_00780,12.0,Unknown,Drainage Leakage,Low,2023-03-24,2023-03
ISSUE_00781,2.0,RS Puram,Unknown,Low,2024-09-20,2024-09
ISSUE_00782,14.0,Unknown,Garbage Dump,Unknown,2024-05-25,2024-05
ISSUE_00783,4.0,Koundampalayam,Unknown,Low,2024-06-15,2024-06
ISSUE_00784,5.0,Podanur,Unknown,Unknown,2024-02-04,2024-02
ISSUE_00785,12.0,Gandhipuram,Garbage Dump,High,2023-10-09,2023-10
ISSUE_00786,6.0,Peelamedu,Unknown,Medium,2024-04-06,2024-04
ISSUE_00787,9.0,Saibaba Colony,Street Light Issue,High,2023-10-05,2023-10
ISSUE_00788,12.0,Saibaba Colony,Pothole,Unknown,2023-10-30,2023-10
ISSUE_00789,12.0,Gandhipuram,Unknown,Medium,2025-01-12,2025-01
ISSUE_00790,12.0,Podanur,Drainage Leakage,High,2025-06-11,2025-06
ISSUE_00791,3.0,Saibaba Colony,Drainage Leakage,Unknown,2023-12-02,2023-12
ISSUE_00792,6.0,RS Puram,Pothole,Low,2023-02-22,2023-02
ISSUE_00793,17.0,Unknown,Garbage Dump,Unknown,2023-11-23,2023-11
ISSUE_00794,19.0,Peelamedu,Garbage Dump,Unknown,2024-05-14,2024-05
ISSUE_00795,12.0,Ukkadam,Garbage Dump,Unknown,2025-07-01,2025-07
ISSUE_00796,12.0,RS Puram,Water Pipe Burst,Medium,2024-03-31,2024-03
ISSUE_00797,12.0,Unknown,Unknown,Unknown,2023-04-16,2023-04
ISSUE_00798,19.0,Podanur,Drainage Leakage,Unknown,2024-10-21,2024-10
ISSUE_00799,14.0,Unknown,Water Pipe Burst,Unknown,2024-03-11,2024-03
ISSUE_00800,12.0,Podanur,Water Pipe Burst,Unknown,2025-05-06,2025-05
ISSUE_00801,12.0,Saibaba Colony,Garbage Dump,Low,2023-11-25,2023-11
ISSUE_00802,12.0,Ganapathy,Street Light Issue,High,2023-07-08,2023-07
ISSUE_00803,4.0,Peelamedu,Pothole,Unknown,2023-10-26,2023-10
ISSUE_00804,10.0,Peelamedu,Drainage Leakage,Unknown,2023-02-27,2023-02
ISSUE_00805,6.0,Gandhipuram,Unknown,Unknown,2024-03-13,2024-03
ISSUE_00806,6.0,Saibaba Colony,Unknown,Low,2024-12-03,2024-12
ISSUE_00807,1.0,Koundampalayam,Unknown,Medium,2023-04-08,2023-04
ISSUE_00808,3.0,Podanur,Unknown,Unknown,2024-05-21,2024-05
ISSUE_00809,19.0,Koundampalayam,Pothole,Unknown,2025-06-22,2025-06
ISSUE_00810,11.0,Koundampalayam,Unknown,High,2025-04-28,2025-04
ISSUE_00811,19.0,Koundampalayam,Water Pipe Burst,Unknown,2024-11-18,2024-11
ISSUE_00812,20.0,Saibaba Colony,Drainage Leakage,High,2024-08-29,2024-08
ISSUE_00813,12.0,Saibaba Colony,Unknown,Medium,2023-04-15,2023-04
ISSUE_00814,12.0,Peelamedu,Water Pipe Burst,Unknown,2025-02-19,2025-02
ISSUE_00815,15.0,Gandhipuram,Drainage Leakage,Unknown,2024-12-04,2024-12
ISSUE_00816,9.0,Ganapathy,Drainage Leakage,High,2023-09-11,2023-09
ISSUE_00817,1.0,Ukkadam,Street Light Issue,Unknown,2023-08-16,2023-08
ISSUE_00818,5.0,RS Puram,Water Pipe Burst,Medium,2024-01-02,2024-01
ISSUE_00819,14.0,Ukkadam,Pothole,Unknown,2023-11-24,2023-11
ISSUE_00820,19.0,Unknown,Garbage Dump,High,2024-06-19,2024-06
ISSUE_00821,12.0,Podanur,Drainage Leakage,Unknown,2025-06-29,2025-06
ISSUE_00822,8.0,Unknown,Garbage Dump,High,2023-06-29,2023-06
ISSUE_00823,12.0,Saibaba Colony,Drainage Leakage,Low,2024-10-03,2024-10
ISSUE_00824,16.0,Koundampalayam,Pothole,Low,2024-06-06,2024-06
ISSUE_00825,1.0,Peelamedu,Unknown,Unknown,2025-06-12,2025-06
ISSUE_00826,12.0,Peelamedu,Pothole,Low,2024-07-24,2024-07
ISSUE_00827,5.0,Unknown,Unknown,High,2025-02-05,2025-02
ISSUE_00828,12.0,Saibaba Colony,Garbage Dump,Medium,2024-06-27,2024-06
ISSUE_00829,12.0,Ukkadam,Pothole,Medium,2023-09-30,2023-09
ISSUE_00830,14.0,Gandhipuram,Garbage Dump,Low,2025-02-13,2025-02
ISSUE_00831,12.0,Unknown,Pothole,High,2023-03-08,2023-03
ISSUE_00832,11.0,Ganapathy,Pothole,High,2024-04-18,2024-04
ISSUE_00833,12.0,Ganapathy,Street Light Issue,Unknown,2024-05-10,2024-05
ISSUE_00834,9.0,Podanur,Street Light Issue,Medium,2023-09-26,2023-09
ISSUE_00835,12.0,Saibaba Colony,Unknown,Low,2024-01-21,2024-01
ISSUE_00836,12.0,Koundampalayam,Water Pipe Burst,High,2025-07-06,2025-07
ISSUE_00837,12.0,Ukkadam,Water Pipe Burst,Unknown,2024-03-09,2024-03
ISSUE_00838,12.0,Ganapathy,Pothole,Medium,2024-09-07,2024-09
ISSUE_00839,12.0,Koundampalayam,Garbage Dump,High,2025-06-26,2025-06
ISSUE_00840,12.0,RS Puram,Drainage Leakage,Unknown,2024-06-06,2024-06
ISSUE_00841,12.0,Unknown,Unknown,Medium,2024-01-03,2024-01
ISSUE_00842,12.0,Unknown,Drainage Leakage,High,2023-12-11,2023-12
ISSUE_00843,19.0,Unknown,Pothole,Unknown,2024-10-29,2024-10
ISSUE_00844,1.0,Unknown,Pothole,Unknown,2024-07-05,2024-07
ISSUE_00845,6.0,Unknown,Drainage Leakage,High,2025-01-21,2025-01
ISSUE_00846,9.0,Saibaba Colony,Street Light Issue,Unknown,2023-12-28,2023-12
ISSUE_00847,12.0,RS Puram,Street Light Issue,Low,2023-07-02,2023-07
ISSUE_00848,13.0,Koundampalayam,Garbage Dump,Medium,2023-10-07,2023-10
ISSUE_00849,12.0,Ganapathy,Garbage Dump,Unknown,2024-02-19,2024-02
ISSUE_00850,12.0,Peelamedu,Garbage Dump,Unknown,2023-04-07,2023-04
ISSUE_00851,14.0,Gandhipuram,Water Pipe Burst,Unknown,2024-02-20,2024-02
ISSUE_00852,9.0,Podanur,Garbage Dump,Unknown,2023-02-11,2023-02
ISSUE_00853,12.0,Unknown,Unknown,High,2025-06-27,2025-06
ISSUE_00854,12.0,Ganapathy,Pothole,High,2023-10-23,2023-10
ISSUE_00855,13.0,RS Puram,Drainage Leakage,Unknown,2024-01-17,2024-01
ISSUE_00856,12.0,Koundampalayam,Drainage Leakage,High,2023-04-21,2023-04
ISSUE_00857,11.0,Ukkadam,Drainage Leakage,Unknown,2025-06-16,2025-06
ISSUE_00858,4.0,Unknown,Street Light Issue,Unknown,2024-04-19,2024-04
ISSUE_00859,9.0,Unknown,Pothole,High,2023-01-19,2023-01
ISSUE_00860,7.0,Unknown,Garbage Dump,Low,2023-05-22,2023-05
ISSUE_00861,12.0,Saibaba Colony,Water Pipe Burst,Unknown,2025-01-08,2025-01
ISSUE_00862,12.0,Unknown,Water Pipe Burst,Unknown,2023-10-23,2023-10
ISSUE_00863,12.0,Gandhipuram,Water Pipe Burst,High,2024-03-15,2024-03
ISSUE_00864,12.0,Unknown,Street Light Issue,Unknown,2024-08-21,2024-08
ISSUE_00865,2.0,Ukkadam,Street Light Issue,Unknown,2024-04-09,2024-04
ISSUE_00866,12.0,RS Puram,Water Pipe Burst,Low,2025-03-29,2025-03
ISSUE_00867,12.0,Koundampalayam,Unknown,Medium,2023-11-22,2023-11
ISSUE_00868,17.0,Koundampalayam,Garbage Dump,Medium,2024-12-21,2024-12
ISSUE_00869,12.0,Saibaba Colony,Street Light Issue,Unknown,2023-01-24,2023-01
ISSUE_00870,8.0,Unknown,Pothole,Unknown,2024-03-19,2024-03
ISSUE_00871,12.0,Podanur,Unknown,Unknown,2023-12-06,2023-12
ISSUE_00872,12.0,Podanur,Pothole,Medium,2023-12-02,2023-12
ISSUE_00873,12.0,Peelamedu,Garbage Dump,Unknown,2023-04-26,2023-04
ISSUE_00874,15.0,Ukkadam,Pothole,Unknown,2024-05-13,2024-05
ISSUE_00875,12.0,Peelamedu,Unknown,Unknown,2025-05-03,2025-05
ISSUE_00876,20.0,Unknown,Water Pipe Burst,Low,2024-09-19,2024-09
ISSUE_00877,12.0,Ukkadam,Unknown,Low,2024-11-23,2024-11
ISSUE_00878,12.0,Ukkadam,Water Pipe Burst,Medium,2024-08-13,2024-08
ISSUE_00879,11.0,Unknown,Unknown,Low,2023-06-08,2023-06
ISSUE_00880,12.0,Gandhipuram,Unknown,Unknown,2025-03-21,2025-03
ISSUE_00881,12.0,Peelamedu,Unknown,Medium,2023-02-19,2023-02
ISSUE_00882,13.0,Unknown,Water Pipe Burst,Unknown,2025-07-16,2025-07
ISSUE_00883,12.0,Saibaba Colony,Unknown,Unknown,2024-10-11,2024-10
ISSUE_00884,11.0,Unknown,Garbage Dump,Unknown,2023-08-18,2023-08
ISSUE_00885,14.0,Saibaba Colony,Drainage Leakage,Unknown,2023-05-11,2023-05
ISSUE_00886,16.0,Koundampalayam,Pothole,Low,2024-02-03,2024-02
ISSUE_00887,13.0,Podanur,Garbage Dump,Unknown,2024-07-16,2024-07
ISSUE_00888,10.0,Ukkadam,Unknown,Unknown,2024-01-23,2024-01
ISSUE_00889,12.0,Podanur,Water Pipe Burst,High,2023-04-18,2023-04
ISSUE_00890,12.0,Unknown,Water Pipe Burst,Unknown,2023-11-22,2023-11
ISSUE_00891,12.0,Unknown,Drainage Leakage,Low,2024-12-12,2024-12
ISSUE_00892,12.0,Podanur,Unknown,Low,2023-12-27,2023-12
ISSUE_00893,10.0,Ukkadam,Street Light Issue,High,2025-03-17,2025-03
ISSUE_00894,12.0,RS Puram,Pothole,Medium,2024-09-10,2024-09
ISSUE_00895,12.0,RS Puram,Drainage Leakage,Low,2025-07-09,2025-07
ISSUE_00896,8.0,RS Puram,Unknown,Medium,2024-12-20,2024-12
ISSUE_00897,19.0,Peelamedu,Pothole,High,2023-08-05,2023-08
ISSUE_00898,12.0,RS Puram,Pothole,Medium,2023-09-04,2023-09
ISSUE_00899,3.0,Gandhipuram,Street Light Issue,Unknown,2025-01-02,2025-01
ISSUE_00900,12.0,Koundampalayam,Unknown,Unknown,2023-06-04,2023-06
ISSUE_00901,3.0,Unknown,Unknown,High,2024-11-18,2024-11
ISSUE_00902,12.0,Peelamedu,Water Pipe Burst,Unknown,2023-11-25,2023-11
ISSUE_00903,1.0,RS Puram,Garbage Dump,Low,2025-06-20,2025-06
ISSUE_00904,12.0,Podanur,Garbage Dump,Medium,2023-11-14,2023-11
ISSUE_00905,12.0,Koundampalayam,Unknown,Medium,2024-07-07,2024-07
ISSUE_00906,5.0,Unknown,Street Light Issue,High,2023-02-06,2023-02
ISSUE_00907,7.0,Gandhipuram,Unknown,Unknown,2024-06-27,2024-06
ISSUE_00908,12.0,Koundampalayam,Water Pipe Burst,High,2024-10-18,2024-10
ISSUE_00909,12.0,Podanur,Pothole,Low,2023-02-20,2023-02
ISSUE_00910,12.0,Peelamedu,Pothole,Unknown,2025-04-17,2025-04
ISSUE_00911,12.0,RS Puram,Drainage Leakage,Unknown,2024-02-24,2024-02
ISSUE_00912,12.0,Unknown,Pothole,Unknown,2023-12-02,2023-12
ISSUE_00913,12.0,Koundampalayam,Garbage Dump,Medium,2023-01-23,2023-01
ISSUE_00914,12.0,Gandhipuram,Drainage Leakage,Unknown,2024-10-19,2024-10
ISSUE_00915,12.0,Unknown,Pothole,Low,2023-12-16,2023-12
ISSUE_00916,14.0,Ganapathy,Water Pipe Burst,Unknown,2025-04-23,2025-04
ISSUE_00917,12.0,Saibaba Colony,Drainage Leakage,Unknown,2024-02-24,2024-02
ISSUE_00918,6.0,Unknown,Garbage Dump,Medium,2024-08-22,2024-08
ISSUE_00919,1.0,Ukkadam,Pothole,Unknown,2023-07-05,2023-07
